100,Rainy,0,0,0.770383275261324,0,0.9948182702064514,0.9944677948951721,0.7557091346153846,0,0.9978530406951904,0.999618411064148,0.762545899632803,0,0.9985306262969971,0.9993814826011658,10000,20,0,0
100,Rainy,0,0.25,0.7696570834776585,0,0.9972687363624573,0.999832272529602,0.7447048856255295,0,0.9958881735801697,0.9995994567871094,0.73821609862219,0,0.9986010193824768,0.9999746084213257,10000,20,0,0
100,Rainy,0,0.5,10000,20,0,0,0.8117033603707995,0,0.9893831610679626,0.9998679757118225,10000,20,0,0,10000,20,0,0
100,Rainy,0,0.75,10000,20,0,0,0.7411696583671106,0,0.9586569666862488,0.9962446093559265,0.7899027083881146,0,0.9941754937171936,0.9988870620727539,10000,20,0,0
100,Rainy,12,0,0.7736379613356766,0,0.9987689852714539,0.9997765421867371,0.7704918032786885,0,0.9985345602035522,0.9997000694274902,0.7558139534883721,0,0.9978189468383789,0.9995774030685425,0.8337344564781388,0,0.9958350658416748,0.9528923034667969
100,Rainy,12,0.25,10000,20,0,0,0.8163392578734019,0,0.998529314994812,0.9997048377990723,0.7984359233097881,0,0.9991011619567871,0.9999003410339355,0.7888224376160033,0,0.9676231741905212,0.9848164916038513
100,Rainy,12,0.5,10000,20,0,0,0.7975543478260869,0,0.9088014364242554,0.9935649633407593,0.7732160312805474,0,0.9950610995292664,0.9881720542907715,0.8091205211726384,0,0.9049067497253418,0.9533326029777527
100,Rainy,12,0.75,0.7098871022921656,0,0.9939095973968506,0.9998410940170288,10000,20,0,0,10000,20,0,0,0.8041971886755098,0,0.9907039999961853,0.9874987006187439
100,Rainy,16,0,0.7524219590958019,0,0.9961426854133606,0.9998682737350464,0.7564998602180598,0,0.9964309930801392,0.9994366765022278,0.8101057579318449,0,0.9981474876403809,0.9973541498184204,0.7531411677753141,0,0.9960269927978516,0.9955562353134155
100,Rainy,16,0.25,0.8442280945757997,0,0.9971039891242981,0.9979676604270935,0.7974063400576369,1,0.9959767460823059,0.9507116675376892,0.7952828028394779,0,0.9972948431968689,0.9996389150619507,0.8533801580333626,0,0.9917627573013306,0.9855538606643677
100,Rainy,16,0.5,10000,20,0,0,10000,20,0,0,0.8529270633397313,0,0.9990465044975281,0.9973479509353638,0.731016731016731,1,0.9759587049484253,0.9966111779212952
100,Rainy,16,0.75,10000,20,0,0,0.8069753457606735,0,0.9957383871078491,0.9909853339195251,0.7549436795994994,0,0.9975298047065735,0.9969695806503296,0.800123890150733,0,0.9948081374168396,0.9432641863822937
100,Rainy,20,0,0.7146795313576844,0,0.997533917427063,0.996509850025177,0.7968885047536733,0,0.9969062209129333,0.9979344606399536,10000,20,0,0,10000,20,0,0
100,Rainy,20,0.25,0.8006488824801731,0,0.9771685600280762,0.9988414645195007,0.8293349529304586,0,0.999143123626709,0.9994089007377625,0.8142754834089282,0,0.9979536533355713,0.9661796689033508,10000,20,0,0
100,Rainy,20,0.5,10000,20,0,0,0.7445589919816724,0,0.9866792559623718,0.9273535013198853,10000,20,0,0,10000,20,0,0
100,Rainy,20,0.75,10000,20,0,0,0.7805087167762218,0,0.9906752705574036,0.9978417158126831,0.7884569520629621,0,0.9877657890319824,0.9987769722938538,10000,20,0,0
100,Rainy,4,0,0.7637130801687764,0,0.9930862188339233,0.998388409614563,0.7300119331742243,0,0.9953430891036987,0.9813414216041565,0.7740253290290539,0,0.9988294243812561,0.9998108744621277,10000,20,0,0
100,Rainy,4,0.25,0.824070796460177,0,0.9955992698669434,0.982083261013031,0.7215594995635729,0,0.993032693862915,0.9974031448364258,10000,20,0,0,10000,20,0,0
100,Rainy,4,0.5,0.7525389302640487,0,0.9956631064414978,0.9996057152748108,0.7936089123424216,0,0.9975289702415466,0.9978505969047546,10000,20,0,0,10000,20,0,0
100,Rainy,4,0.75,0.7823343848580442,0,0.9958059787750244,0.9998822808265686,0.7655595869383198,0,0.9941990375518799,0.9377140402793884,10000,20,0,0,10000,20,0,0
100,Rainy,8,0,0.8107344632768362,0,0.9914371371269226,0.9992397427558899,0.7172557172557172,0,0.9974547028541565,0.9603397250175476,10000,20,0,0,10000,20,0,0
100,Rainy,8,0.25,0.7607361963190185,1,0.995941698551178,0.9640975594520569,0.7789855072463768,0,0.9961780309677124,0.9987908005714417,10000,20,0,0,10000,20,0,0
100,Rainy,8,0.5,0.7657226921662376,0,0.991976797580719,0.9969925880432129,0.7815028901734105,0,0.9986502528190613,0.9911985993385315,0.800208659363589,0,0.9866769313812256,0.9998264908790588,10000,20,0,0
100,Rainy,8,0.75,10000,20,0,0,0.8174559471365639,0,0.9968506693840027,0.9997067451477051,0.819797580844236,0,0.9934906959533691,0.9992205500602722,10000,20,0,0
100,RainyWithSun,0,0,0.7922671353251318,0,0.9957037568092346,0.941888153553009,0.7707728065078443,0,0.9984371066093445,0.9994474053382874,10000,20,0,0,10000,20,0,0
100,RainyWithSun,0,0.25,10000,20,0,0,0.7789954337899543,0,0.9991378784179688,0.9999786615371704,10000,20,0,0,10000,20,0,0
100,RainyWithSun,0,0.5,10000,20,0,0,0.7760972716488731,0,0.9983805418014526,0.9992755055427551,0.7587421383647799,1,0.9894593954086304,0.8925866484642029,10000,20,0,0
100,RainyWithSun,0,0.75,0.7854900592954308,0,0.9986568689346313,0.9985398650169373,0.7766075388026608,0,0.996616542339325,0.9993152022361755,0.756142365097589,0,0.6677743792533875,0.997599184513092,10000,20,0,0
100,RainyWithSun,12,0,0.7412636780797741,0,0.9863191843032837,0.99982750415802,0.7842274992670771,0,0.9987202882766724,0.999532163143158,0.7921643573817487,0,0.9992852807044983,0.9758130311965942,0.7951668584579977,0,0.9986289739608765,0.9998399019241333
100,RainyWithSun,12,0.25,10000,20,0,0,0.8046149235840575,0,0.9996488094329834,0.9988673329353333,0.8153578528827038,0,0.9992597699165344,0.9993626475334167,0.8083495145631068,0,0.9984423518180847,0.9965800046920776
100,RainyWithSun,12,0.5,0.7649318896262661,0,0.9990798234939575,0.996336817741394,0.7644639429668221,0,0.9954232573509216,0.9929341077804565,0.7788331071913162,0,0.9982189536094666,0.9990565180778503,10000,20,0,0
100,RainyWithSun,12,0.75,0.7978464744703022,0,0.9982098340988159,0.999858021736145,0.7640813919197876,0,0.996085524559021,0.9787428975105286,0.7892254220456802,0,0.9879007339477539,0.9944676160812378,10000,20,0,0
100,RainyWithSun,16,0,0.7880724174653887,2,0.9996306896209717,0.9045667052268982,0.8311353211009175,0,0.999617338180542,0.9995294213294983,0.7950372208436725,0,0.9990980625152588,0.9994784593582153,0.8262762168579343,0,0.9983252882957458,0.9989877939224243
100,RainyWithSun,16,0.25,0.791231732776618,0,0.9994575381278992,0.99885493516922,0.815563555801717,0,0.9998863935470581,0.9999874234199524,0.8374113880631145,0,0.9996371269226074,0.9908789396286011,0.8135976351938793,0,0.9983116388320923,0.9998846650123596
100,RainyWithSun,16,0.5,10000,20,0,0,0.8154078549848942,0,0.9969584941864014,0.9657419323921204,0.8310689566777749,0,0.9995461106300354,0.9992074966430664,0.8255886643050635,0,0.9970989227294922,0.9998160600662231
100,RainyWithSun,16,0.75,10000,20,0,0,0.8307781313277408,0,0.9992604851722717,0.9610512852668762,0.8228074661211966,0,0.9951516389846802,0.9961918592453003,0.8351119481062984,0,0.9989416003227234,0.9999638795852661
100,RainyWithSun,20,0,10000,20,0,0,0.7856106759501016,0,0.9983865022659302,0.9999985694885254,0.787962037962038,0,0.9996929168701172,0.9998388886451721,0.7899447724243002,0,0.9985941052436829,0.999884307384491
100,RainyWithSun,20,0.25,10000,20,0,0,0.8384949348769899,0,0.9996628761291504,0.9998466372489929,0.7915978286523484,0,0.9997794032096863,0.9819885492324829,0.752678409297258,0,0.9982434511184692,0.9976891279220581
100,RainyWithSun,20,0.5,0.7912557527942143,1,0.9989604949951172,0.9743825197219849,0.7625698324022346,0,0.9994064569473267,0.9905663132667542,0.7813578826237054,0,0.9995088577270508,0.9997397661209106,0.7632661456190868,0,0.9989486336708069,0.9996131062507629
100,RainyWithSun,20,0.75,0.7696428571428572,0,0.9973692893981934,0.9933446645736694,0.761370348493798,0,0.9976450800895691,0.9571550488471985,0.8136792452830188,0,0.9989043474197388,0.949465811252594,0.7981264637002342,0,0.9993956089019775,0.9999199509620667
100,RainyWithSun,4,0,0.8386643233743409,0,0.9927411079406738,0.998471200466156,0.7081820720469143,0,0.9954707622528076,0.9989239573478699,10000,20,0,0,10000,20,0,0
100,RainyWithSun,4,0.25,10000,20,0,0,0.8089080459770115,0,0.9918015599250793,0.9973674416542053,10000,20,0,0,10000,20,0,0
100,RainyWithSun,4,0.5,10000,20,0,0,0.7698391055358603,0,0.9956697225570679,0.993841290473938,0.7728937728937729,0,0.9932704567909241,0.9927154779434204,10000,20,0,0
100,RainyWithSun,4,0.75,0.7429637165140726,0,0.9919238686561584,0.9695519208908081,10000,20,0,0,0.7454589488980383,0,0.9767349362373352,0.9986880421638489,10000,20,0,0
100,RainyWithSun,8,0,0.7772206303724928,0,0.9986686706542969,0.9990663528442383,0.829712272460364,0,0.9858249425888062,0.9996703863143921,0.814875645236978,0,0.9915321469306946,0.9985411763191223,0.8538278823314452,0,0.9903048276901245,0.9768480658531189
100,RainyWithSun,8,0.25,0.7438808087974459,0,0.9980828762054443,0.990585207939148,0.7858238723534826,0,0.9996757507324219,0.9988970756530762,0.7963206307490145,1,0.9949380159378052,0.9965744018554688,0.8067971163748713,0,0.9944164752960205,0.9942227602005005
100,RainyWithSun,8,0.5,0.7976666666666666,0,0.9974756836891174,0.948319137096405,0.8024083196496989,0,0.9992891550064087,0.9998829960823059,0.8410524026962383,0,0.9873260855674744,0.9997439384460449,10000,20,0,0
100,RainyWithSun,8,0.75,0.7351845580765324,0,0.9954012632369995,0.9998546838760376,10000,20,0,0,10000,20,0,0,10000,20,0,0
100,Snowy,0,0,10000,20,0,0,0.7996955859969559,0,0.9986078143119812,0.9997196793556213,0.756036217303823,0,0.9983443021774292,0.9997854828834534,10000,20,0,0
100,Snowy,0,0.25,0.7854392719635982,0,0.996340274810791,0.9993094801902771,0.7745548535324526,0,0.9959782361984253,0.9998496770858765,10000,20,0,0,10000,20,0,0
100,Snowy,0,0.5,0.7616456987419246,0,0.9951243996620178,0.9265848398208618,10000,20,0,0,10000,20,0,0,10000,20,0,0
100,Snowy,0,0.75,0.7831586555836646,0,0.9801992774009705,0.9911607503890991,0.729207504900588,0,0.9932892918586731,0.9998936057090759,10000,20,0,0,10000,20,0,0
100,Snowy,12,0,10000,20,0,0,0.8001742666279408,0,0.9926263689994812,0.9909898638725281,0.7304180682364247,0,0.9901096820831299,0.9826356172561646,0.7714127832013262,0,0.994862973690033,0.9912697076797485
100,Snowy,12,0.25,10000,20,0,0,0.7609799820734987,0,0.9985595345497131,0.9994117021560669,0.7845548450565667,0,0.9964075684547424,0.997898519039154,0.7851479404370528,0,0.9912256598472595,0.9558109641075134
100,Snowy,12,0.5,0.7323843416370107,0,0.9944639801979065,0.9973815679550171,0.7894288150042625,0,0.9982158541679382,0.9999182820320129,0.7541275082550165,0,0.9945264458656311,0.9932190179824829,10000,20,0,0
100,Snowy,12,0.75,10000,20,0,0,0.743108504398827,0,0.9955306649208069,0.9943795204162598,0.7472986247544204,0,0.979658842086792,0.999661386013031,10000,20,0,0
100,Snowy,16,0,0.796742209631728,0,0.9959177374839783,0.99871426820755,0.8197757976430009,0,0.9960834980010986,0.9992786645889282,0.783822821376986,0,0.9991971850395203,0.9983624815940857,0.8141025641025641,0,0.9970611929893494,0.9966171383857727
100,Snowy,16,0.25,10000,20,0,0,0.8122629582806574,0,0.9973006844520569,0.9999274015426636,0.7621208502507762,0,0.9985694885253906,0.9994586110115051,0.7903809321132156,0,0.9651020169258118,0.9964194297790527
100,Snowy,16,0.5,0.7106703146374829,0,0.994462788105011,0.9997535943984985,10000,20,0,0,0.737535953978907,0,0.9887189269065857,0.9998138546943665,0.7685152685152685,0,0.9870063066482544,0.9996166825294495
100,Snowy,16,0.75,0.7393220338983051,0,0.9837594032287598,0.9097904562950134,0.7650459921156373,0,0.992729127407074,0.9998878836631775,10000,20,0,0,10000,20,0,0
100,Snowy,20,0,0.7606498194945849,0,0.9956809282302856,0.9988712668418884,0.8245457253500149,0,0.9940394163131714,0.9857739210128784,0.7827878233005264,0,0.992569625377655,0.9971305727958679,10000,20,0,0
100,Snowy,20,0.25,0.7871059156925256,0,0.9945981502532959,0.9937478303909302,0.7805102981862896,0,0.9742523431777954,0.9988903403282166,0.7723720695739854,0,0.9957503080368042,0.993963360786438,10000,20,0,0
100,Snowy,20,0.5,0.7585840707964602,0,0.9961698651313782,0.9329608082771301,0.7406568516421291,0,0.9943978786468506,0.9825040698051453,10000,20,0,0,10000,20,0,0
100,Snowy,20,0.75,10000,20,0,0,0.8217963386727689,0,0.9958037734031677,0.9993810057640076,0.7549144753637989,0,0.9535250663757324,0.9167314171791077,10000,20,0,0
100,Snowy,4,0,10000,20,0,0,0.7438835552802725,0,0.9864928126335144,0.9996523261070251,0.7517575757575757,0,0.9975638389587402,0.9215573072433472,10000,20,0,0
100,Snowy,4,0.25,10000,20,0,0,0.7606992163954189,0,0.9989031553268433,0.9995604753494263,10000,20,0,0,10000,20,0,0
100,Snowy,4,0.5,0.7780047667688117,0,0.9969170093536377,0.9969213604927063,0.7880652930157881,0,0.9980753660202026,0.9997850060462952,10000,20,0,0,10000,20,0,0
100,Snowy,4,0.75,10000,20,0,0,0.7523624235686492,0,0.9961430430412292,0.9992194175720215,10000,20,0,0,10000,20,0,0
100,Snowy,8,0,0.7546343107516009,0,0.9960840940475464,0.9945135116577148,0.7276286353467561,0,0.9947423934936523,0.9937896728515625,10000,20,0,0,10000,20,0,0
100,Snowy,8,0.25,0.7972641178533848,0,0.9973125457763672,0.9977931380271912,10000,20,0,0,10000,20,0,0,10000,20,0,0
100,Snowy,8,0.5,0.7213845099383139,0,0.9955965876579285,0.9973776936531067,0.7484593837535014,0,0.9958431124687195,0.9537233710289001,10000,20,0,0,10000,20,0,0
100,Snowy,8,0.75,10000,20,0,0,0.8227987855368479,0,0.9981639981269836,0.9989434480667114,0.8027613412228797,0,0.9980010390281677,0.9998799562454224,10000,20,0,0
100,SnowyWithSun,0,0,10000,20,0,0,10000,20,0,0,0.7903036008472581,0,0.9984723925590515,0.9956483840942383,10000,20,0,0
100,SnowyWithSun,0,0.25,10000,20,0,0,0.7734560570071259,0,0.9983205199241638,0.999943733215332,10000,20,0,0,10000,20,0,0
100,SnowyWithSun,0,0.5,0.7546892239794042,1,0.9971278309822083,0.9396354556083679,0.7797235023041474,0,0.9993882179260254,0.9992073774337769,10000,20,0,0,10000,20,0,0
100,SnowyWithSun,0,0.75,0.7842727905358385,0,0.9981789588928223,0.9927645921707153,0.764257481648786,0,0.9912988543510437,0.9985941648483276,10000,20,0,0,10000,20,0,0
100,SnowyWithSun,12,0,0.7587956698240866,0,0.9990869760513306,0.9999784827232361,0.7862510436960757,0,0.9995051622390747,0.9992932081222534,0.775403608736942,0,0.9988983869552612,0.9957164525985718,0.7974824139207701,0,0.9990444779396057,0.9598163366317749
100,SnowyWithSun,12,0.25,10000,20,0,0,0.8022012578616352,0,0.9996140599250793,0.9895011782646179,0.8146747352496218,0,0.9992249011993408,0.9979665875434875,0.8092171463071041,0,0.9988749623298645,0.9955168962478638
100,SnowyWithSun,12,0.5,0.7996644295302013,0,0.9987554550170898,0.9762235283851624,0.7540248086566377,0,0.9987175464630127,0.9749708771705627,0.8038674033149171,0,0.9982858300209045,0.999721109867096,10000,20,0,0
100,SnowyWithSun,12,0.75,10000,20,0,0,0.7832754629629629,1,0.9992809891700745,0.9361170530319214,10000,20,0,0,0.8053097345132744,0,0.9963609576225281,0.9991053342819214
100,SnowyWithSun,16,0,0.7835344215755855,1,0.9994045495986938,0.9482079744338989,0.8397252432741843,0,0.9996309280395508,0.999039351940155,0.8329681032383736,0,0.9998339414596558,0.9399271607398987,0.8173773129525342,0,0.9987745881080627,0.998595118522644
100,SnowyWithSun,16,0.25,0.8227077363896849,0,0.9990097284317017,0.9702914357185364,0.8258590564938847,0,0.9994962215423584,0.9999740719795227,0.7670207629164655,0,0.9993294477462769,0.987490177154541,0.8209350747681242,0,0.9988787770271301,0.9996052980422974
100,SnowyWithSun,16,0.5,0.8133608815426997,0,0.9992836117744446,0.9900313019752502,0.8584707646176911,0,0.9991018772125244,0.999829113483429,0.7925993604385564,0,0.9993312358856201,0.9859818816184998,0.7889382167961524,0,0.9948176741600037,0.9410961270332336
100,SnowyWithSun,16,0.75,0.8031746031746032,0,0.9988065958023071,0.9904715418815613,0.7776798825256975,0,0.9982141256332397,0.9467934966087341,0.8088737201365188,0,0.9968369007110596,0.958369255065918,0.8270505777609396,0,0.9956911206245422,0.9998820424079895
100,SnowyWithSun,20,0,0.74283741801864,0,0.999420166015625,0.9993811845779419,0.8219895287958116,0,0.9997621178627014,0.9999667406082153,0.8030014292520248,0,0.9998520612716675,0.9999104738235474,0.7533522190745987,0,0.9985236525535583,0.9947541356086731
100,SnowyWithSun,20,0.25,0.8182776801405975,0,0.9991496801376343,0.9853252172470093,0.781786941580756,0,0.9996720552444458,0.9998515248298645,0.7773333333333333,0,0.9996278285980225,0.9990031123161316,0.7804835318850736,0,0.9967536330223083,0.9999297857284546
100,SnowyWithSun,20,0.5,10000,20,0,0,0.7875072971395213,0,0.9994296431541443,0.9999175071716309,10000,20,0,0,0.751336405529954,0,0.9765738248825073,0.9860525131225586
100,SnowyWithSun,20,0.75,10000,20,0,0,0.7916423144360023,0,0.9994558691978455,0.9999184012413025,0.7350173353145122,0,0.9993732571601868,0.951179563999176,0.7586669220455852,0,0.9969437718391418,0.9984760284423828
100,SnowyWithSun,4,0,0.8379446640316206,0,0.9848819375038147,0.9969223141670227,0.7397713598074609,0,0.9870471954345703,0.9909281730651855,0.7388654477262072,0,0.9855380058288574,0.9959372878074646,10000,20,0,0
100,SnowyWithSun,4,0.25,0.7635062611806798,0,0.9930095672607422,0.9810978770256042,0.7764048249485143,0,0.9970797896385193,0.9989014863967896,0.7302774427020506,0,0.9965241551399231,0.9987542033195496,10000,20,0,0
100,SnowyWithSun,4,0.5,0.8042717086834734,0,0.9900202751159668,0.9993065595626831,10000,20,0,0,10000,20,0,0,10000,20,0,0
100,SnowyWithSun,4,0.75,0.7525527569775358,0,0.9970989227294922,0.9999659657478333,0.7994318181818182,0,0.9776871800422668,0.9999493360519409,10000,20,0,0,10000,20,0,0
100,SnowyWithSun,8,0,0.7784342688330872,0,0.9989907145500183,0.8578338027000427,0.7687326549491211,0,0.9995052814483643,0.9864869713783264,0.7706786850477201,0,0.9979117512702942,0.9807471632957458,0.8013298408220835,0,0.9938435554504395,0.9859709739685059
100,SnowyWithSun,8,0.25,0.8122347949080623,0,0.9983589053153992,0.9997111558914185,0.7512645046117227,0,0.9983760118484497,0.9631019234657288,0.78099173553719,0,0.9919018149375916,0.9991040229797363,0.8392959632676488,0,0.9860453009605408,0.9813340902328491
100,SnowyWithSun,8,0.5,0.7697205518217192,1,0.9977432489395142,0.9360567331314087,0.775657704538884,0,0.9986034035682678,0.903986394405365,10000,20,0,0,10000,20,0,0
100,SnowyWithSun,8,0.75,0.7139979859013091,0,0.9966837763786316,0.9997866749763489,0.7586396050466264,0,0.9862945675849915,0.9993669390678406,10000,20,0,0,10000,20,0,0
100,Sunny,0,0,10000,20,0,0,0.7818030973451328,0,0.9967377781867981,0.9988936185836792,10000,20,0,0,10000,20,0,0
100,Sunny,0,0.25,0.7560087399854334,0,0.9932670593261719,0.99138343334198,0.7623853211009174,0,0.994487464427948,0.9958565831184387,0.7658408766079086,0,0.9953191876411438,0.9972872734069824,10000,20,0,0
100,Sunny,0,0.5,0.7134602311352821,0,0.9978504180908203,0.9992931485176086,0.8115474794841735,0,0.9974080920219421,0.9868044853210449,0.7657004830917874,0,0.9951298236846924,0.9967517852783203,10000,20,0,0
100,Sunny,0,0.75,0.7974772249474422,0,0.9973593354225159,0.9949866533279419,0.789503871522799,0,0.9990571141242981,0.998075544834137,10000,20,0,0,10000,20,0,0
100,Sunny,12,0,0.6924906557934081,0,0.9987506866455078,0.931050717830658,0.8124093940272543,0,0.9989750385284424,0.9998382329940796,0.8075022461814915,0,0.9997096657752991,0.9996943473815918,0.7944111776447106,0,0.9988577365875244,0.9992194771766663
100,Sunny,12,0.25,0.7809423347398031,0,0.9983610510826111,0.9853485822677612,0.7513024403619413,0,0.9995867609977722,0.9999001622200012,0.8370921305182342,0,0.9996949434280396,0.9994713068008423,0.7822240096521215,0,0.9992319345474243,0.9997785687446594
100,Sunny,12,0.5,10000,20,0,0,0.7743023612388837,0,0.9997110962867737,0.9504923224449158,0.7805896805896806,0,0.999232292175293,0.9999745488166809,0.7874571101791842,0,0.9992671608924866,0.9897482991218567
100,Sunny,12,0.75,0.8007954922108055,0,0.9990297555923462,0.9916483759880066,0.7873417721518987,0,0.9991734623908997,0.9994540810585022,0.7797670405522001,0,0.9989583492279053,0.9978395104408264,0.7876316683656133,0,0.9970236420631409,0.9937953948974609
100,Sunny,16,0,0.7974772249474422,1,0.9993436932563782,0.9635921120643616,0.8389805965826818,0,0.9996528625488281,0.9890486001968384,0.8327154772937906,0,0.997929573059082,0.9990159273147583,0.8369387384111979,0,0.9964867830276489,0.9949410557746887
100,Sunny,16,0.25,10000,20,0,0,0.8300248138957816,0,0.9998940229415894,0.9975189566612244,0.82667010575187,0,0.9997308850288391,0.9887394905090332,0.8563440030852295,0,0.9982831478118896,0.9473385214805603
100,Sunny,16,0.5,10000,20,0,0,0.8512743628185907,0,0.9995948672294617,0.9986724853515625,0.8501016260162602,0,0.9996079802513123,0.9972900152206421,0.8633944411590775,0,0.9971228241920471,0.9943345785140991
100,Sunny,16,0.75,10000,20,0,0,0.840975043528729,0,0.9997428059577942,0.9901710748672485,10000,20,0,0,0.8451890677648821,0,0.9985565543174744,0.9977474808692932
100,Sunny,20,0,10000,20,0,0,0.8295243977764052,0,0.9994725584983826,0.9988592863082886,0.0,0,6.209943305200588e-17,0.761760413646698,0.8277210514881599,0,0.9995015859603882,0.9840205907821655
100,Sunny,20,0.25,10000,20,0,0,10000,20,0,0,0.8115942028985508,0,0.9998356103897095,0.9997214078903198,0.8259005145797599,0,0.9991389513015747,0.9985011219978333
100,Sunny,20,0.5,10000,20,0,0,10000,20,0,0,0.834920634920635,0,0.999855637550354,0.9999040961265564,0.804968179018682,0,0.9991612434387207,0.9913991689682007
100,Sunny,20,0.75,10000,20,0,0,10000,20,0,0,0.8218553117532045,0,0.999091386795044,0.9928366541862488,0.7993403922930047,0,0.997342050075531,0.9987773895263672
100,Sunny,4,0,0.8167911775168979,0,0.9983651041984558,0.9996797442436218,0.785692634131555,0,0.9832475781440735,0.9895291328430176,10000,20,0,0,10000,20,0,0
100,Sunny,4,0.25,0.7542773935202038,0,0.9957400560379028,0.9413972496986389,0.7603700387943897,0,0.9936698079109192,0.9996753931045532,0.7415501905972046,0,0.9916987419128418,0.9936289191246033,10000,20,0,0
100,Sunny,4,0.5,0.7571379428964569,0,0.9974591135978699,0.9990386366844177,0.7059339374451915,0,0.9962971806526184,0.9992051124572754,0.7468818782098312,0,0.9982761144638062,0.9997973442077637,10000,20,0,0
100,Sunny,4,0.75,0.7838364167478091,0,0.9989513158798218,0.9966025948524475,0.746070460704607,0,0.9969498515129089,0.9303634762763977,10000,20,0,0,10000,20,0,0
100,Sunny,8,0,10000,20,0,0,0.8058225762153255,0,0.9989026784896851,0.999776303768158,0.8225516621743036,0,0.9994903802871704,0.9993566870689392,0.8188117096830071,0,0.99793541431427,0.9991565942764282
100,Sunny,8,0.25,0.7677083333333333,0,0.9969981908798218,0.997620701789856,0.7768039731229915,0,0.9994208812713623,0.9994632005691528,0.7813567593948267,0,0.9993500113487244,0.9976618885993958,0.7958036717871863,0,0.9987647533416748,0.9952735900878906
100,Sunny,8,0.5,0.7894736842105263,0,0.9994630217552185,0.9981950521469116,0.7796032238065717,0,0.9995071887969971,0.961254894733429,0.7852419994710395,0,0.9992520213127136,0.999888002872467,0.7244499280279663,0,0.9989256262779236,0.9983161091804504
100,Sunny,8,0.75,0.7317663325267888,1,0.9950218200683594,0.958404541015625,0.7555425904317387,0,0.9989545345306396,0.9994455575942993,0.76347786189493,0,0.9987139701843262,0.9901807904243469,0.8298143429195486,0,0.9988763928413391,0.9988042712211609
125,Rainy,0,0,0.7881773399014779,0,0.9994787573814392,0.9877920150756836,0.7787274453941121,0,0.9972435235977173,0.9916497468948364,10000,20,0,0,10000,20,0,0
125,Rainy,0,0.25,10000,20,0,0,0.7746962493396725,0,0.9977051615715027,0.9998216032981873,10000,20,0,0,10000,20,0,0
125,Rainy,0,0.5,0.7166890982503364,1,0.9972357153892517,0.9356236457824707,0.7800401491253226,0,0.9938074946403503,0.9988114237785339,0.7598605360645021,0,0.9945401549339294,0.9996949434280396,10000,20,0,0
125,Rainy,0,0.75,0.7556231003039514,0,0.9970780611038208,0.9407925009727478,10000,20,0,0,10000,20,0,0,10000,20,0,0
125,Rainy,12,0,0.801230171576562,0,0.9897197484970093,0.9664454460144043,0.781178851505186,0,0.9989470839500427,0.9992562532424927,0.7688514485309226,0,0.9899197816848755,0.9988771080970764,0.8771300448430494,0,0.9696919322013855,0.9192291498184204
125,Rainy,12,0.25,0.7578274760383387,0,0.9979082345962524,0.9792057275772095,0.7646216280735258,0,0.9943180680274963,0.9994412064552307,0.7434071222329163,0,0.9906434416770935,0.9990684390068054,10000,20,0,0
125,Rainy,12,0.5,0.7783579924572092,0,0.9608613848686218,0.9998863935470581,0.802322984141166,0,0.9945833086967468,0.9428809881210327,0.7910802102764117,0,0.9940207600593567,0.9919190406799316,10000,20,0,0
125,Rainy,12,0.75,10000,20,0,0,0.8388505747126437,0,0.9367789030075073,0.9982706904411316,0.7921047777162885,0,0.9969298243522644,0.9841629266738892,10000,20,0,0
125,Rainy,16,0,0.7624495289367429,0,0.9965857267379761,0.9998621344566345,0.7610452586206896,0,0.9989606142044067,0.9993115663528442,0.757446049580881,0,0.9938010573387146,0.9614883661270142,0.8381858083394295,0,0.9823733568191528,0.9187895655632019
125,Rainy,16,0.25,0.7657407407407407,0,0.9978109002113342,0.9999261498451233,0.7443555973659455,0,0.9946445226669312,0.9996039271354675,0.7851492268967997,0,0.9956824779510498,0.9965382218360901,10000,20,0,0
125,Rainy,16,0.5,0.7570532915360502,0,0.9975137710571289,0.9460421800613403,0.7404860155891793,0,0.9965709447860718,0.997306227684021,0.8405745062836625,0,0.9941032528877258,0.9486455917358398,0.7991536950279583,0,0.9940744042396545,0.9974822998046875
125,Rainy,16,0.75,0.7747775391224302,0,0.9991766810417175,0.9999580383300781,0.8302335640138409,0,0.9928929209709167,0.9994298815727234,0.8188018433179723,0,0.9954711198806763,0.9951342940330505,0.7990288220551378,0,0.9866976141929626,0.9779115319252014
125,Rainy,20,0,10000,20,0,0,0.7957992998833139,0,0.9979986548423767,0.9997212290763855,10000,20,0,0,10000,20,0,0
125,Rainy,20,0.25,10000,20,0,0,10000,20,0,0,10000,20,0,0,10000,20,0,0
125,Rainy,20,0.5,10000,20,0,0,0.8916380297823597,0,0.9971218705177307,0.9911976456642151,0.8327086210297889,0,0.9932970404624939,0.9976428151130676,0.8034102306920762,0,0.9954494833946228,0.9985532760620117
125,Rainy,20,0.75,0.8018896677842121,0,0.999299168586731,0.9995520710945129,0.8063276836158192,0,0.9962579011917114,0.9965730309486389,10000,20,0,0,10000,20,0,0
125,Rainy,4,0,10000,20,0,0,0.764211566979733,0,0.9951165914535522,0.9995023012161255,0.7957830300969223,0,0.9962126016616821,0.9916558861732483,10000,20,0,0
125,Rainy,4,0.25,10000,20,0,0,0.735554958344531,1,0.9975146055221558,0.952414870262146,10000,20,0,0,10000,20,0,0
125,Rainy,4,0.5,0.7834394904458599,0,0.9976493716239929,0.9988880753517151,0.7797825012357884,0,0.9961088299751282,0.9740291833877563,10000,20,0,0,10000,20,0,0
125,Rainy,4,0.75,0.7783452502553626,0,0.997352123260498,0.9818605780601501,0.7307024075452966,0,0.9972055554389954,0.9992607235908508,0.7744006041155371,0,0.9965007305145264,0.9714773893356323,10000,20,0,0
125,Rainy,8,0,10000,20,0,0,0.742340532395781,0,0.9985760450363159,0.9875940680503845,10000,20,0,0,10000,20,0,0
125,Rainy,8,0.25,0.7157360406091371,0,0.9806956648826599,0.9979367256164551,0.8187579214195184,0,0.9991084933280945,0.996913492679596,0.8445921667265541,1,0.8895232677459717,0.9474354386329651,10000,20,0,0
125,Rainy,8,0.5,10000,20,0,0,0.7254852533400554,0,0.8402484059333801,0.996728777885437,10000,20,0,0,10000,20,0,0
125,Rainy,8,0.75,0.7315789473684211,0,0.9960163235664368,0.9462960958480835,0.825616969202529,0,0.9922647476196289,0.9990812540054321,0.8291920069504779,0,0.9961708188056946,0.9785507321357727,10000,20,0,0
125,RainyWithSun,0,0,0.7823867262284621,0,0.9968366622924805,0.933876097202301,10000,20,0,0,10000,20,0,0,10000,20,0,0
125,RainyWithSun,0,0.25,0.79554162312783,0,0.9988248944282532,0.9991063475608826,0.842919153553988,0,0.9958562254905701,0.9950410723686218,0.7918983320095314,0,0.9934054613113403,0.9494132399559021,10000,20,0,0
125,RainyWithSun,0,0.5,0.7018147684605757,0,0.9963484406471252,0.9985847473144531,0.7933415536374846,0,0.9816914200782776,0.9996878504753113,0.8183377811666032,0,0.996167004108429,0.9993761777877808,10000,20,0,0
125,RainyWithSun,0,0.75,0.7634130575307045,0,0.9975993037223816,0.9387675523757935,0.7325964252116651,0,0.9959908127784729,0.9996386766433716,0.8425757022984313,0,0.9963189363479614,0.9978137612342834,10000,20,0,0
125,RainyWithSun,12,0,0.790286265680283,0,0.9995298385620117,0.9999202489852905,0.7635232168501676,0,0.9986201524734497,0.9993215799331665,0.7900552486187845,0,0.9977117776870728,0.9992988705635071,10000,20,0,0
125,RainyWithSun,12,0.25,0.7717948717948718,0,0.9986586570739746,0.9999657869338989,0.8038422649140546,0,0.9991581439971924,0.9987825751304626,0.8073977209041658,0,0.9986967444419861,0.9998708367347717,10000,20,0,0
125,RainyWithSun,12,0.5,0.7620689655172413,0,0.9987500905990601,0.998963475227356,0.7871494811216604,0,0.9902053475379944,0.9995657205581665,0.774790236460717,0,0.9957051873207092,0.9996165037155151,10000,20,0,0
125,RainyWithSun,12,0.75,10000,20,0,0,10000,20,0,0,0.8003014318010551,0,0.9964094758033752,0.9994081258773804,0.7721337579617834,0,0.9930497407913208,0.9861267805099487
125,RainyWithSun,16,0,0.8135135135135135,0,0.9997686743736267,0.993375837802887,0.7916968380400676,0,0.9995530247688293,0.9942178130149841,0.8252951096121417,0,0.9960694313049316,0.9959121942520142,10000,20,0,0
125,RainyWithSun,16,0.25,0.8138281951511523,0,0.9991260170936584,0.9938520789146423,0.8191061215844101,0,0.999249279499054,0.9926815032958984,0.8135811556864189,0,0.9993335604667664,0.9994236826896667,10000,20,0,0
125,RainyWithSun,16,0.5,0.7872,0,0.9994751811027527,0.9999859929084778,0.8244067796610169,0,0.9993636012077332,0.9995589852333069,0.8062572872133696,0,0.9953351616859436,0.9994930624961853,0.8102936324645331,0,0.9968224763870239,0.9974511861801147
125,RainyWithSun,16,0.75,0.8431148010306327,0,0.9988873600959778,0.9999790191650391,0.8148055832502492,0,0.9941056966781616,0.9973624348640442,0.8176348937770258,0,0.9979191422462463,0.9997611045837402,0.7937551355792933,0,0.9821805953979492,0.9973981976509094
125,RainyWithSun,20,0,0.7859424920127795,0,0.9997904896736145,0.9996321797370911,0.7808863580094083,0,0.9996566772460938,0.9926068186759949,0.7699080414791626,0,0.9988768696784973,0.9937757253646851,0.7238542890716804,0,0.9985209107398987,0.9982134699821472
125,RainyWithSun,20,0.25,0.7761819269898265,0,0.9998237490653992,0.9989798665046692,0.817953403380539,0,0.9993466734886169,0.9997084736824036,0.7939748953974896,0,0.9954378008842468,0.9957156777381897,10000,20,0,0
125,RainyWithSun,20,0.5,0.7961638491547465,0,0.9985626339912415,0.9997314214706421,0.7811291569992266,0,0.9996461868286133,0.9999962449073792,0.7489488437281009,0,0.9934561848640442,0.999965250492096,0.710735294117647,0,0.9936978220939636,0.9965604543685913
125,RainyWithSun,20,0.75,0.7449967721110394,0,0.9975106716156006,0.9996840357780457,0.7473336719146775,0,0.9919220209121704,0.9999722242355347,0.7203781050780391,0,0.9950180053710938,0.9999874830245972,0.7322849564228875,0,0.9985528588294983,0.9928836226463318
125,RainyWithSun,4,0,10000,20,0,0,0.7514378594648662,1,0.998316764831543,0.973220705986023,10000,20,0,0,10000,20,0,0
125,RainyWithSun,4,0.25,10000,20,0,0,0.8087039693926351,0,0.9934843182563782,0.9993151426315308,10000,20,0,0,10000,20,0,0
125,RainyWithSun,4,0.5,10000,20,0,0,0.8012063991607657,1,0.9863155484199524,0.9696089625358582,0.7825271059216014,0,0.9841132760047913,0.9991283416748047,10000,20,0,0
125,RainyWithSun,4,0.75,0.8020434227330779,0,0.9943482279777527,0.9989136457443237,0.7231492361927144,0,0.9967193007469177,0.9990968704223633,0.818001800180018,0,0.9897294044494629,0.9826560616493225,10000,20,0,0
125,RainyWithSun,8,0,0.7193713919178961,0,0.9982433319091797,0.999582827091217,0.7741176470588236,1,0.9984534978866577,0.932104229927063,0.8496539792387543,0,0.9955331087112427,0.996282696723938,10000,20,0,0
125,RainyWithSun,8,0.25,0.7467796610169491,0,0.9983687996864319,0.9345083832740784,0.8036842105263158,0,0.999143123626709,0.988250732421875,0.7594437525944375,0,0.9980815649032593,0.9992655515670776,10000,20,0,0
125,RainyWithSun,8,0.5,0.7880944678097703,0,0.9988903403282166,0.9234557151794434,0.7837325112639317,0,0.9935680031776428,0.9984164237976074,10000,20,0,0,10000,20,0,0
125,RainyWithSun,8,0.75,0.7207265650340577,0,0.9984807372093201,0.9293132424354553,0.7963088003601171,0,0.9967708587646484,0.998939037322998,10000,20,0,0,10000,20,0,0
125,Snowy,0,0,10000,20,0,0,0.8182784272051009,0,0.9977814555168152,0.9976144433021545,0.8217408585055644,0,0.9969862103462219,0.99795001745224,10000,20,0,0
125,Snowy,0,0.25,10000,20,0,0,0.7844636251541307,0,0.9974163770675659,0.9993356466293335,10000,20,0,0,10000,20,0,0
125,Snowy,0,0.5,0.7690508021390374,0,0.9966346621513367,0.9947037696838379,10000,20,0,0,10000,20,0,0,10000,20,0,0
125,Snowy,0,0.75,0.7076433121019108,0,0.9952214360237122,0.9843155741691589,10000,20,0,0,10000,20,0,0,10000,20,0,0
125,Snowy,12,0,10000,20,0,0,0.7692497532082923,0,0.9968595504760742,0.9978585243225098,0.7779026217228464,0,0.9650556445121765,0.9240394830703735,10000,20,0,0
125,Snowy,12,0.25,0.7641362074351765,0,0.9917508959770203,0.9998331069946289,0.7227722772277227,1,0.9923710823059082,0.9957695603370667,0.7882657782713307,0,0.9920446872711182,0.9439740180969238,10000,20,0,0
125,Snowy,12,0.5,0.7786535303776683,0,0.9975640773773193,0.9999784827232361,0.7800593765462642,0,0.9950212240219116,0.9965140223503113,10000,20,0,0,10000,20,0,0
125,Snowy,12,0.75,0.7408945686900958,0,0.9941884279251099,0.9465546607971191,10000,20,0,0,10000,20,0,0,10000,20,0,0
125,Snowy,16,0,0.8146341463414634,0,0.9991205334663391,0.9996660947799683,0.7595111828452847,0,0.9554956555366516,0.99965900182724,0.8260286225402504,0,0.9735683798789978,0.9827280044555664,10000,20,0,0
125,Snowy,16,0.25,0.8037598944591029,0,0.9990788698196411,0.9998749494552612,0.8004027183488548,0,0.9971042275428772,0.9965612292289734,0.786144578313253,0,0.9945360422134399,0.9527672529220581,10000,20,0,0
125,Snowy,16,0.5,10000,20,0,0,0.7809812847749115,0,0.9959243535995483,0.999362587928772,0.7585513078470825,0,0.9957485795021057,0.9310237765312195,10000,20,0,0
125,Snowy,16,0.75,0.7688049495278411,0,0.9974804520606995,0.9992321729660034,0.7748360456643186,0,0.9980940222740173,0.9321287870407104,10000,20,0,0,10000,20,0,0
125,Snowy,20,0,10000,20,0,0,0.8111763204899209,0,0.9985917210578918,0.9974069595336914,10000,20,0,0,10000,20,0,0
125,Snowy,20,0.25,10000,20,0,0,0.7584158415841584,0,0.9978203773498535,0.9391859769821167,10000,20,0,0,10000,20,0,0
125,Snowy,20,0.5,0.7638297872340426,0,0.9971883893013,0.9973146319389343,10000,20,0,0,10000,20,0,0,10000,20,0,0
125,Snowy,20,0.75,0.7921403052939266,0,0.996436357498169,0.9984336495399475,0.7780274656679151,0,0.9790058732032776,0.9971065521240234,10000,20,0,0,10000,20,0,0
125,Snowy,4,0,0.8047355473554736,0,0.9880982041358948,0.9999402165412903,0.7532210109018831,0,0.9958921670913696,0.9952778220176697,0.7967361740707162,0,0.9971911311149597,0.9968970417976379,10000,20,0,0
125,Snowy,4,0.25,0.7889664340312396,0,0.9963512420654297,0.999939501285553,0.7896995708154506,0,0.9986968636512756,0.9995647668838501,10000,20,0,0,10000,20,0,0
125,Snowy,4,0.5,0.6980895709364234,0,0.9970557689666748,0.9994561076164246,0.7751243781094528,0,0.9918323755264282,0.9994678497314453,10000,20,0,0,10000,20,0,0
125,Snowy,4,0.75,0.7555622369212267,0,0.998377799987793,0.9997346997261047,0.8110426748790145,0,0.9954825639724731,0.9951373338699341,10000,20,0,0,10000,20,0,0
125,Snowy,8,0,0.7612174458738625,0,0.9981789588928223,0.9999488592147827,0.7662025924147864,0,0.9970288872718811,0.9997279047966003,0.7637373157189354,0,0.9971516728401184,0.9954613447189331,10000,20,0,0
125,Snowy,8,0.25,0.748585795097423,0,0.9949285984039307,0.9983753561973572,0.7419513393954289,0,0.9960840940475464,0.9973682761192322,0.7627811860940695,0,0.996468186378479,0.9967809915542603,10000,20,0,0
125,Snowy,8,0.5,0.7734947435489009,0,0.992906928062439,0.997858464717865,10000,20,0,0,10000,20,0,0,10000,20,0,0
125,Snowy,8,0.75,0.7631844138394357,0,0.9979629516601562,0.9978988766670227,0.7875711809853925,0,0.9987291693687439,0.9998062252998352,10000,20,0,0,10000,20,0,0
125,SnowyWithSun,0,0,0.7569707401032703,0,0.9879393577575684,0.9997369050979614,0.8090438572596023,0,0.9957175850868225,0.9631351232528687,0.778520685332219,0,0.9968850016593933,0.9932066798210144,10000,20,0,0
125,SnowyWithSun,0,0.25,0.812373907195696,0,0.9972520470619202,0.9998075366020203,0.7593470247498684,0,0.9971256852149963,0.9961494207382202,10000,20,0,0,10000,20,0,0
125,SnowyWithSun,0,0.5,10000,20,0,0,0.7928810320114668,0,0.9986935257911682,0.9993677139282227,10000,20,0,0,10000,20,0,0
125,SnowyWithSun,0,0.75,0.7365591397849462,0,0.9923638105392456,0.9745994806289673,0.8064679130874179,0,0.9961841702461243,0.9995311498641968,10000,20,0,0,10000,20,0,0
125,SnowyWithSun,12,0,0.7769480519480519,0,0.9988874793052673,0.9994078278541565,0.7984811499864388,0,0.9983086585998535,0.9845237731933594,0.8006200348769619,0,0.9974367022514343,0.9992178678512573,10000,20,0,0
125,SnowyWithSun,12,0.25,0.7859498680738787,0,0.9993302822113037,0.9994832277297974,0.7650485436893204,0,0.9988178610801697,0.9998032450675964,0.802896725440806,0,0.9989006519317627,0.9998383522033691,10000,20,0,0
125,SnowyWithSun,12,0.5,0.7208035410282602,0,0.9989483952522278,0.9456380009651184,0.7660681759042415,0,0.9984802603721619,0.9920412302017212,0.7290334712297857,0,0.9971969127655029,0.9734355211257935,10000,20,0,0
125,SnowyWithSun,12,0.75,0.7982927600379387,0,0.9986701011657715,0.963699996471405,0.6922530206112296,1,0.9970828890800476,0.9276553988456726,0.817603200581924,0,0.9954826831817627,0.9996342658996582,10000,20,0,0
125,SnowyWithSun,16,0,0.8225707257072571,1,0.9996588230133057,0.956487774848938,0.8247863247863247,0,0.999853253364563,0.9640787839889526,0.8063432835820895,0,0.9972726702690125,0.9998046159744263,10000,20,0,0
125,SnowyWithSun,16,0.25,0.8310874334064556,0,0.9997343420982361,0.9331954121589661,0.8135845314823996,0,0.9990981817245483,0.996480405330658,0.8075857291305854,0,0.9970458149909973,0.9997825026512146,10000,20,0,0
125,SnowyWithSun,16,0.5,0.8091908091908092,0,0.9992747902870178,0.999646008014679,0.8001010866818297,0,0.9993982315063477,0.9999369978904724,0.7625979843225084,0,0.995658278465271,0.9983490705490112,10000,20,0,0
125,SnowyWithSun,16,0.75,0.830423940149626,0,0.999729573726654,0.9879929423332214,0.8188144329896907,0,0.9999037981033325,0.9998190999031067,0.7919626547594886,0,0.9962506890296936,0.99854975938797,10000,20,0,0
125,SnowyWithSun,20,0,0.8239370078740158,0,0.9992582201957703,0.9997674822807312,0.7616921269095183,0,0.9995731711387634,0.9493655562400818,0.8092432332903701,0,0.9982934594154358,0.9997231364250183,10000,20,0,0
125,SnowyWithSun,20,0.25,0.7982008995502249,0,0.9962043166160583,0.9999327659606934,0.7832780672666982,0,0.999656081199646,0.9841357469558716,0.7918903906683947,0,0.9983924031257629,0.9975695610046387,10000,20,0,0
125,SnowyWithSun,20,0.5,10000,20,0,0,0.7804586717630196,0,0.9992222785949707,0.9982958436012268,0.7679316888045541,0,0.9960839748382568,0.9998525381088257,10000,20,0,0
125,SnowyWithSun,20,0.75,0.8028346456692913,0,0.9996969699859619,0.999893844127655,0.8144699140401146,0,0.9990885257720947,0.9997783303260803,0.7859872611464969,0,0.9967252612113953,0.9998224973678589,10000,20,0,0
125,SnowyWithSun,4,0,10000,20,0,0,0.75922182920667,0,0.9958465695381165,0.9991840124130249,10000,20,0,0,10000,20,0,0
125,SnowyWithSun,4,0.25,0.7692307692307693,0,0.9944210648536682,0.9984738230705261,0.8268534170490219,0,0.9979238510131836,0.9858989119529724,10000,20,0,0,10000,20,0,0
125,SnowyWithSun,4,0.5,0.7669936930623686,0,0.9930784106254578,0.9971284866333008,0.7603305785123967,0,0.9866909980773926,0.9972602128982544,10000,20,0,0,10000,20,0,0
125,SnowyWithSun,4,0.75,0.7607421875,0,0.9859949946403503,0.9975482821464539,10000,20,0,0,10000,20,0,0,10000,20,0,0
125,SnowyWithSun,8,0,0.7911774039987306,0,0.9992485642433167,0.9997907280921936,0.7453164556962025,0,0.9991958737373352,0.9993415474891663,0.8411266568483063,1,0.9960501790046692,0.9334306716918945,10000,20,0,0
125,SnowyWithSun,8,0.25,0.8042409342347879,0,0.9988191723823547,0.9983891248703003,0.7733202067437854,1,0.9981018900871277,0.984211266040802,0.7918683446272992,0,0.9978267550468445,0.9989898800849915,10000,20,0,0
125,SnowyWithSun,8,0.5,0.7589285714285714,0,0.9995098114013672,0.9858554005622864,0.8124026984950701,0,0.9993368983268738,0.9948522448539734,10000,20,0,0,10000,20,0,0
125,SnowyWithSun,8,0.75,0.7333558634673877,0,0.9983779191970825,0.9974474310874939,0.7471113445378151,0,0.9922825694084167,0.9757002592086792,10000,20,0,0,10000,20,0,0
125,Sunny,0,0,0.7692307692307693,0,0.9412949681282043,0.9992529153823853,0.7751983543931825,0,0.9961906671524048,0.9983202815055847,10000,20,0,0,10000,20,0,0
125,Sunny,0,0.25,0.8051265198816957,0,0.997994065284729,0.9787717461585999,10000,20,0,0,10000,20,0,0,10000,20,0,0
125,Sunny,0,0.5,0.7946105816628327,0,0.9968951940536499,0.9962372183799744,10000,20,0,0,10000,20,0,0,10000,20,0,0
125,Sunny,0,0.75,0.7732479784366577,0,0.998852014541626,0.9991514086723328,0.7336929867582148,0,0.9957188963890076,0.9994074106216431,10000,20,0,0,10000,20,0,0
125,Sunny,12,0,0.8067301965455629,0,0.9996218681335449,0.9629906415939331,0.7856132075471698,0,0.9989504218101501,0.9997935891151428,0.8134404924760602,0,0.9975861310958862,0.9978442192077637,10000,20,0,0
125,Sunny,12,0.25,0.8035882908404155,0,0.9994389414787292,0.9999311566352844,0.8019323671497585,0,0.9995009899139404,0.9954883456230164,0.7991266375545851,0,0.9990192651748657,0.9986039400100708,10000,20,0,0
125,Sunny,12,0.5,0.7942521227955585,0,0.9995237588882446,0.9998297095298767,0.775698471270427,0,0.9997250437736511,0.9962669014930725,0.7810774795355035,0,0.9982678890228271,0.9984394311904907,10000,20,0,0
125,Sunny,12,0.75,0.7771189396581792,0,0.9988734126091003,0.9986339807510376,0.7609353507565337,0,0.9995068311691284,0.9982305765151978,0.79727137070987,0,0.9993337988853455,0.9938033223152161,0.8216618562965213,0,0.9902398586273193,0.9491336941719055
125,Sunny,16,0,0.7985564304461942,0,0.9998794794082642,0.9964051246643066,0.8498158863755918,0,0.9995598196983337,0.9796217679977417,0.8405410554391313,0,0.9991139769554138,0.9690541625022888,10000,20,0,0
125,Sunny,16,0.25,0.8684786004373634,0,0.9998244643211365,0.9999901056289673,0.8492173112338858,0,0.999526858329773,0.9634125828742981,0.8444772205834152,0,0.9933888912200928,0.9503323435783386,10000,20,0,0
125,Sunny,16,0.5,0.8345889289223715,0,0.9995136260986328,0.9853196144104004,0.8352728213085079,0,0.9996482133865356,0.9981253743171692,0.8240628778718259,0,0.9977982044219971,0.959905743598938,10000,20,0,0
125,Sunny,16,0.75,0.8369127516778524,0,0.9996969699859619,0.9982270002365112,0.8259182617692705,1,0.9996238946914673,0.9663443565368652,0.8539574126155083,0,0.9986818432807922,0.9787145853042603,10000,20,0,0
125,Sunny,20,0,10000,20,0,0,0.7680285165889772,0,0.9997805953025818,0.9994072318077087,0.0,7,5.154945480895234e-13,0.9777111411094666,0.839171188949186,0,0.9989921450614929,0.9780977964401245
125,Sunny,20,0.25,10000,20,0,0,10000,20,0,0,0.8343478260869566,0,0.9992485642433167,0.999458909034729,10000,20,0,0
125,Sunny,20,0.5,0.7779152489947417,0,0.9990047812461853,0.9984164237976074,0.0,0,3.4025934196948993e-13,0.9508183002471924,0.833765752409192,0,0.9989086389541626,0.9378677010536194,10000,20,0,0
125,Sunny,20,0.75,0.7807668521954236,0,0.9991325736045837,0.9995141625404358,0.0,0,1.9292048427516084e-12,0.7779900431632996,0.7849867974349302,0,0.9989708662033081,0.8899579644203186,10000,20,0,0
125,Sunny,4,0,0.7559241706161137,0,0.9967789053916931,0.9997378587722778,10000,20,0,0,10000,20,0,0,10000,20,0,0
125,Sunny,4,0.25,0.8113395225464191,0,0.9983009696006775,0.9995113015174866,0.7719251336898396,0,0.9964761137962341,0.9998846650123596,10000,20,0,0,10000,20,0,0
125,Sunny,4,0.5,0.7838471849865952,0,0.9974266886711121,0.9999687075614929,0.7449612403100775,0,0.9981591105461121,0.9978429079055786,10000,20,0,0,10000,20,0,0
125,Sunny,4,0.75,0.7582938388625592,0,0.9976402521133423,0.9996256232261658,0.7991452991452992,0,0.9917409420013428,0.9905582666397095,10000,20,0,0,10000,20,0,0
125,Sunny,8,0,0.7575851393188855,0,0.9994590878486633,0.9995394349098206,0.764793635007459,0,0.9989210367202759,0.9903044104576111,0.8177973270174251,0,0.9963420033454895,0.9814990162849426,10000,20,0,0
125,Sunny,8,0.25,0.7730274591588461,0,0.9988395571708679,0.9993688464164734,0.8115653040877367,0,0.9993463158607483,0.9287419319152832,0.7833142420771286,0,0.9981264472007751,0.9962644577026367,10000,20,0,0
125,Sunny,8,0.5,0.8052500886839304,0,0.9988094568252563,0.999812662601471,0.8204983012457531,0,0.9993777275085449,0.9998558163642883,0.7504898758981058,0,0.9989559650421143,0.9997722506523132,10000,20,0,0
125,Sunny,8,0.75,0.7715003138731952,0,0.999190628528595,0.9999731183052063,0.7918250950570342,0,0.9990876913070679,0.9995852708816528,0.7887431070545731,0,0.9986407160758972,0.999906063079834,10000,20,0,0
75,Rainy,0,0,10000,20,0,0,0.7612794612794613,0,0.9974094033241272,0.9993701577186584,0.7870930567559781,0,0.9985894560813904,0.9773788452148438,10000,20,0,0
75,Rainy,0,0.25,10000,20,0,0,0.8032786885245902,0,0.9980878233909607,0.998897910118103,0.7738632941884974,0,0.9971542358398438,0.9974234700202942,10000,20,0,0
75,Rainy,0,0.5,10000,20,0,0,10000,20,0,0,10000,20,0,0,10000,20,0,0
75,Rainy,0,0.75,10000,20,0,0,10000,20,0,0,10000,20,0,0,10000,20,0,0
75,Rainy,12,0,10000,20,0,0,10000,20,0,0,0.7752320185614849,0,0.9979388117790222,0.9637498259544373,0.8039521580863235,0,0.9965264201164246,0.9793556332588196
75,Rainy,12,0.25,10000,20,0,0,0.7607464178607131,0,0.9841713309288025,0.9994478225708008,0.7586313193588162,0,0.9801861047744751,0.9993918538093567,0.7050910050118702,0,0.9853341579437256,0.9784947037696838
75,Rainy,12,0.5,10000,20,0,0,10000,20,0,0,10000,20,0,0,0.7736107309061045,0,0.996235191822052,0.9965630769729614
75,Rainy,12,0.75,0.7532467532467533,1,0.9888778328895569,0.9396126866340637,10000,20,0,0,0.7238204833141542,0,0.9796411991119385,0.9674608111381531,0.7687020882897172,0,0.9964709281921387,0.9965010285377502
75,Rainy,16,0,10000,20,0,0,10000,20,0,0,0.7811032863849765,0,0.9988173842430115,0.9960249662399292,0.7452196382428941,0,0.9939822554588318,0.9996772408485413
75,Rainy,16,0.25,10000,20,0,0,0.7745331069609508,0,0.9698765873908997,0.9966167211532593,0.8104862331575864,0,0.9978111386299133,0.9992446899414062,0.7392821535393819,0,0.9987209439277649,0.9997878074645996
75,Rainy,16,0.5,10000,20,0,0,10000,20,0,0,0.7696160267111853,0,0.9808465838432312,0.9991098046302795,0.7072599531615925,0,0.9978534579277039,0.9966379404067993
75,Rainy,16,0.75,0.7637099742362901,0,0.9918028712272644,0.9857519268989563,10000,20,0,0,10000,20,0,0,0.7189621726479146,1,0.9918195009231567,0.967614471912384
75,Rainy,20,0,0.7521888085268367,0,0.9921522736549377,0.9431169629096985,10000,20,0,0,0.7892662219526986,0,0.9967312812805176,0.9978211522102356,10000,20,0,0
75,Rainy,20,0.25,10000,20,0,0,0.774119196575568,0,0.9945775270462036,0.9491013288497925,10000,20,0,0,10000,20,0,0
75,Rainy,20,0.5,10000,20,0,0,10000,20,0,0,10000,20,0,0,10000,20,0,0
75,Rainy,20,0.75,10000,20,0,0,10000,20,0,0,0.8120805369127517,0,0.995029866695404,0.9966244697570801,10000,20,0,0
75,Rainy,4,0,10000,20,0,0,10000,20,0,0,10000,20,0,0,10000,20,0,0
75,Rainy,4,0.25,10000,20,0,0,10000,20,0,0,10000,20,0,0,10000,20,0,0
75,Rainy,4,0.5,10000,20,0,0,10000,20,0,0,10000,20,0,0,10000,20,0,0
75,Rainy,4,0.75,10000,20,0,0,10000,20,0,0,0.7725875845113707,0,0.9968748092651367,0.9961087107658386,10000,20,0,0
75,Rainy,8,0,10000,20,0,0,0.7791666666666667,0,0.9879202842712402,0.999437689781189,10000,20,0,0,10000,20,0,0
75,Rainy,8,0.25,10000,20,0,0,10000,20,0,0,10000,20,0,0,10000,20,0,0
75,Rainy,8,0.5,10000,20,0,0,10000,20,0,0,10000,20,0,0,10000,20,0,0
75,Rainy,8,0.75,10000,20,0,0,10000,20,0,0,10000,20,0,0,10000,20,0,0
75,RainyWithSun,0,0,10000,20,0,0,10000,20,0,0,10000,20,0,0,10000,20,0,0
75,RainyWithSun,0,0.25,10000,20,0,0,10000,20,0,0,10000,20,0,0,10000,20,0,0
75,RainyWithSun,0,0.5,10000,20,0,0,10000,20,0,0,0.7555350553505535,1,0.9888843297958374,0.9691564440727234,10000,20,0,0
75,RainyWithSun,0,0.75,10000,20,0,0,10000,20,0,0,0.7721404983488442,1,0.9867580533027649,0.9998829960823059,10000,20,0,0
75,RainyWithSun,12,0,10000,20,0,0,0.7594806969593441,0,0.9977340698242188,0.9980923533439636,0.8314054366685946,0,0.9989237189292908,0.9999688863754272,0.8139179199592149,0,0.999664306640625,0.9997285604476929
75,RainyWithSun,12,0.25,10000,20,0,0,0.7629551820728291,0,0.999219536781311,0.9683752059936523,0.7888291517323776,0,0.9984208345413208,0.9999459981918335,0.7614213197969543,0,0.9997488856315613,0.9955881834030151
75,RainyWithSun,12,0.5,10000,20,0,0,0.7738287560581584,1,0.9983471632003784,0.9938510060310364,0.8010033444816054,0,0.9769024848937988,0.9998265504837036,0.7713328177365301,0,0.9964417815208435,0.9998047947883606
75,RainyWithSun,12,0.75,0.706058339566193,0,0.9978221654891968,0.9426354169845581,0.7259707192870783,0,0.9947741627693176,0.99528968334198,0.7956805910770105,0,0.9948384165763855,0.9987224340438843,0.7428003972194638,0,0.9945797920227051,0.9995861053466797
75,RainyWithSun,16,0,0.7168898809523809,1,0.9995421171188354,0.9745895266532898,0.7834179357021996,1,0.9995797276496887,0.9462279081344604,0.8381381381381381,1,0.9995688796043396,0.9936242699623108,0.8156693711967545,0,0.9996711015701294,0.9999743103981018
75,RainyWithSun,16,0.25,0.7705753823743627,1,0.9991706609725952,0.9458111524581909,0.8214765100671141,0,0.999958872795105,0.9699718356132507,0.8178674351585015,0,0.9998401403427124,0.9999889731407166,0.8314930388862218,0,0.9999017715454102,0.9376798272132874
75,RainyWithSun,16,0.5,0.7161096507698085,2,0.9984095692634583,0.9110129475593567,10000,20,0,0,0.8429458740017747,0,0.9996823072433472,0.9998083114624023,0.8119190814652816,0,0.9988564252853394,0.9995020627975464
75,RainyWithSun,16,0.75,10000,20,0,0,0.8142857142857143,0,0.9990350008010864,0.9961742758750916,0.8192261185006046,1,0.9989513158798218,0.9554798007011414,0.8136350936015647,0,0.9973486661911011,0.9999674558639526
75,RainyWithSun,20,0,10000,20,0,0,0.7984574111334675,0,0.9996312856674194,0.9998849034309387,0.7864133563615429,0,0.9993315935134888,0.9991742372512817,0.811219262295082,0,0.9996008276939392,0.9986860156059265
75,RainyWithSun,20,0.25,10000,20,0,0,0.7933064766036566,0,0.9988347887992859,0.9357689023017883,0.7761570827489481,0,0.9997827410697937,0.9999862313270569,0.810168686148729,0,0.9996017813682556,0.9976970553398132
75,RainyWithSun,20,0.5,10000,20,0,0,10000,20,0,0,0.8056057866184448,0,0.9978570342063904,0.99990314245224,0.7490102929532858,0,0.9989128112792969,0.9991356134414673
75,RainyWithSun,20,0.75,10000,20,0,0,0.7854251012145749,0,0.9964219331741333,0.9303144812583923,0.7562141491395793,0,0.9991602897644043,0.9989989399909973,0.7819415756860431,0,0.999478280544281,0.9997621774673462
75,RainyWithSun,4,0,0.7494261667941852,0,0.9953631162643433,0.9496596455574036,10000,20,0,0,10000,20,0,0,10000,20,0,0
75,RainyWithSun,4,0.25,10000,20,0,0,0.8072916666666666,0,0.9978146553039551,0.9988350868225098,10000,20,0,0,10000,20,0,0
75,RainyWithSun,4,0.5,10000,20,0,0,10000,20,0,0,10000,20,0,0,10000,20,0,0
75,RainyWithSun,4,0.75,10000,20,0,0,10000,20,0,0,0.7459066100667071,0,0.996665894985199,0.9466338753700256,10000,20,0,0
75,RainyWithSun,8,0,10000,20,0,0,10000,20,0,0,0.7790560471976401,0,0.9978412389755249,0.9932804107666016,0.7669753086419753,0,0.9942114949226379,0.9989961981773376
75,RainyWithSun,8,0.25,10000,20,0,0,0.772635814889336,0,0.998764157295227,0.9774168133735657,0.7303977272727272,0,0.9978646636009216,0.9998353123664856,0.7692496321726336,0,0.9933449029922485,0.9617870450019836
75,RainyWithSun,8,0.5,10000,20,0,0,0.7341040462427746,0,0.9966073036193848,0.9984091520309448,10000,20,0,0,10000,20,0,0
75,RainyWithSun,8,0.75,0.7634571645185747,1,0.9931743741035461,0.9662553071975708,10000,20,0,0,10000,20,0,0,10000,20,0,0
75,Snowy,0,0,10000,20,0,0,0.7586760925449871,0,0.9909471273422241,0.9782906174659729,10000,20,0,0,10000,20,0,0
75,Snowy,0,0.25,10000,20,0,0,10000,20,0,0,10000,20,0,0,10000,20,0,0
75,Snowy,0,0.5,10000,20,0,0,10000,20,0,0,10000,20,0,0,10000,20,0,0
75,Snowy,0,0.75,10000,20,0,0,10000,20,0,0,10000,20,0,0,10000,20,0,0
75,Snowy,12,0,10000,20,0,0,10000,20,0,0,0.78137421919364,0,0.9990031123161316,0.9706662893295288,0.810921337503007,0,0.9935636520385742,0.9988526105880737
75,Snowy,12,0.25,10000,20,0,0,0.7650804289544236,0,0.9953526258468628,0.9750155210494995,0.7917507931929623,0,0.9978378415107727,0.9976673722267151,0.7800593765462642,0,0.9945586323738098,0.9499965906143188
75,Snowy,12,0.5,10000,20,0,0,10000,20,0,0,0.7437407952871871,0,0.9933366775512695,0.9927546381950378,0.770677660396805,0,0.9867751598358154,0.9922071099281311
75,Snowy,12,0.75,0.8096428571428571,0,0.9954491257667542,0.9977536797523499,10000,20,0,0,0.7722960151802657,0,0.9939004182815552,0.999865710735321,10000,20,0,0
75,Snowy,16,0,10000,20,0,0,0.7866273352999017,0,0.9967517852783203,0.9634213447570801,0.7786957804662142,0,0.998629093170166,0.9995924234390259,0.7472832954258276,0,0.9939629435539246,0.9832844138145447
75,Snowy,16,0.25,0.7500932487877657,0,0.9928542971611023,0.9719744324684143,0.8013995334888371,0,0.9981746673583984,0.9515092968940735,0.7695761998316026,0,0.9975689053535461,0.9987450242042542,0.7557682866961217,0,0.9964852333068848,0.9897603988647461
75,Snowy,16,0.5,10000,20,0,0,10000,20,0,0,0.8449279803861477,0,0.9988946318626404,0.9997106790542603,0.8280720062614141,0,0.992770254611969,0.9866675734519958
75,Snowy,16,0.75,0.7668393782383419,1,0.9923871755599976,0.8523659110069275,10000,20,0,0,0.7848753938699513,0,0.9932872653007507,0.9946104288101196,10000,20,0,0
75,Snowy,20,0,10000,20,0,0,0.7689243027888446,0,0.9970409274101257,0.9996909499168396,10000,20,0,0,10000,20,0,0
75,Snowy,20,0.25,10000,20,0,0,0.7498265093684942,0,0.9966195821762085,0.9997897148132324,0.773403324584427,1,0.9987180233001709,0.9521216154098511,10000,20,0,0
75,Snowy,20,0.5,10000,20,0,0,0.7237021857923497,0,0.9908046722412109,0.9823300242424011,10000,20,0,0,10000,20,0,0
75,Snowy,20,0.75,0.7953723788864787,0,0.9954020977020264,0.9660724997520447,0.7830858618463525,0,0.9981834292411804,0.9998006820678711,10000,20,0,0,10000,20,0,0
75,Snowy,4,0,10000,20,0,0,0.7978045325779037,0,0.9990164041519165,0.9980030059814453,0.7567652611705475,0,0.997177004814148,0.9994232058525085,10000,20,0,0
75,Snowy,4,0.25,10000,20,0,0,10000,20,0,0,0.7748707027684819,0,0.990088939666748,0.9998853802680969,10000,20,0,0
75,Snowy,4,0.5,0.8076923076923077,0,0.9936397671699524,0.9757524132728577,10000,20,0,0,10000,20,0,0,10000,20,0,0
75,Snowy,4,0.75,10000,20,0,0,10000,20,0,0,10000,20,0,0,10000,20,0,0
75,Snowy,8,0,10000,20,0,0,10000,20,0,0,10000,20,0,0,10000,20,0,0
75,Snowy,8,0.25,10000,20,0,0,0.8222748815165877,0,0.9977210164070129,0.9953402876853943,0.7854472246189244,0,0.999138355255127,0.9965855479240417,10000,20,0,0
75,Snowy,8,0.5,10000,20,0,0,10000,20,0,0,10000,20,0,0,10000,20,0,0
75,Snowy,8,0.75,10000,20,0,0,10000,20,0,0,10000,20,0,0,10000,20,0,0
75,SnowyWithSun,0,0,0.7652205614290922,1,0.996548593044281,0.9322075843811035,10000,20,0,0,10000,20,0,0,10000,20,0,0
75,SnowyWithSun,0,0.25,10000,20,0,0,0.792102598717516,0,0.9954083561897278,0.9997596740722656,0.7726190476190476,0,0.9928273558616638,0.9923205971717834,10000,20,0,0
75,SnowyWithSun,0,0.5,0.7988970588235295,0,0.9477603435516357,0.8777840733528137,0.7385864051403449,0,0.9024925827980042,0.9902372360229492,0.7548122436099716,0,0.9856701493263245,0.9931130409240723,10000,20,0,0
75,SnowyWithSun,0,0.75,10000,20,0,0,10000,20,0,0,0.7574468085106383,1,0.9936820268630981,0.9935219883918762,10000,20,0,0
75,SnowyWithSun,12,0,10000,20,0,0,0.7699658703071672,0,0.9988391995429993,0.9981854557991028,0.7784307963561563,0,0.9993434548377991,0.9776922464370728,0.8077120822622108,0,0.9991039633750916,0.9999611973762512
75,SnowyWithSun,12,0.25,10000,20,0,0,10000,20,0,0,0.8171218165081313,0,0.9991421699523926,0.9955011606216431,0.7950862519602718,0,0.9993973970413208,0.9956049919128418
75,SnowyWithSun,12,0.5,10000,20,0,0,0.7550268096514745,0,0.997183620929718,0.9986619353294373,0.7330030278007157,0,0.9990584254264832,0.9998739361763,0.7845263919016631,0,0.9988923668861389,0.9828476905822754
75,SnowyWithSun,12,0.75,0.699437148217636,1,0.9989657402038574,0.9178231358528137,10000,20,0,0,0.7637492607924306,0,0.9966224431991577,0.9998692274093628,0.8265048052604957,0,0.9991880059242249,0.9996687173843384
75,SnowyWithSun,16,0,10000,20,0,0,0.79449423815621,0,0.9997424483299255,0.9997200965881348,0.8154030566376985,0,0.9998582601547241,0.9963107109069824,0.8012390294269489,0,0.9993036985397339,0.998875617980957
75,SnowyWithSun,16,0.25,0.785740809506127,1,0.9996756315231323,0.9668213725090027,0.8190854870775348,1,0.9993637204170227,0.9376125335693359,0.8072841984513909,0,0.9996132254600525,0.9320780634880066,0.8127909826023033,1,0.999574601650238,0.9981460571289062
75,SnowyWithSun,16,0.5,0.7816849816849817,1,0.9995282888412476,0.8629469871520996,0.8049476688867745,0,0.9988625049591064,0.9996722936630249,0.8353413654618473,0,0.9992573857307434,0.999229371547699,0.841031941031941,0,0.9976415634155273,0.9999151229858398
75,SnowyWithSun,16,0.75,0.7592663354986626,1,0.9993104934692383,0.8945935368537903,0.8032675289312458,0,0.9991029500961304,0.9980087876319885,0.7995861661247413,0,0.9994624257087708,0.9995643496513367,0.814123581336696,0,0.9995259046554565,0.9999743103981018
75,SnowyWithSun,20,0,10000,20,0,0,0.7354817052702249,0,0.9993465542793274,0.9999623894691467,0.771861986912552,0,0.9992185831069946,0.999997615814209,0.7792792792792793,0,0.9992954730987549,0.9573095440864563
75,SnowyWithSun,20,0.25,10000,20,0,0,0.8185640362225097,0,0.9996477365493774,0.9999545812606812,0.7933484934621944,0,0.9997114539146423,0.9999399185180664,0.8504142011834319,0,0.9997254014015198,0.999945342540741
75,SnowyWithSun,20,0.5,10000,20,0,0,0.7456230690010298,0,0.9987761378288269,0.999970555305481,0.8162650602409639,0,0.9982606768608093,0.9999718070030212,0.7812340642529322,0,0.9992997646331787,0.9990070462226868
75,SnowyWithSun,20,0.75,10000,20,0,0,0.7925925925925926,0,0.9988295435905457,0.9999130368232727,0.7873343151693667,0,0.997463583946228,0.9999681115150452,0.771042944785276,1,0.9991601705551147,0.936489999294281
75,SnowyWithSun,4,0,10000,20,0,0,0.7970588235294118,0,0.9955127835273743,0.9991554021835327,0.7983409610983981,0,0.9985740184783936,0.9997542500495911,10000,20,0,0
75,SnowyWithSun,4,0.25,10000,20,0,0,0.7769953051643192,0,0.9916353225708008,0.9999268651008606,10000,20,0,0,10000,20,0,0
75,SnowyWithSun,4,0.5,10000,20,0,0,10000,20,0,0,10000,20,0,0,10000,20,0,0
75,SnowyWithSun,4,0.75,10000,20,0,0,10000,20,0,0,10000,20,0,0,10000,20,0,0
75,SnowyWithSun,8,0,10000,20,0,0,0.8077469793887704,1,0.9989696741104126,0.9324414134025574,10000,20,0,0,0.7527501309586171,0,0.9907618165016174,0.9981892704963684
75,SnowyWithSun,8,0.25,10000,20,0,0,10000,20,0,0,10000,20,0,0,0.7735595045772752,0,0.9926766157150269,0.9298664331436157
75,SnowyWithSun,8,0.5,10000,20,0,0,10000,20,0,0,10000,20,0,0,10000,20,0,0
75,SnowyWithSun,8,0.75,0.7033171822586657,1,0.9980789422988892,0.984451174736023,0.7890573500329597,0,0.9994239807128906,0.9996546506881714,10000,20,0,0,10000,20,0,0
75,Sunny,0,0,10000,20,0,0,0.7149611617696724,0,0.9957489967346191,0.9684711694717407,10000,20,0,0,10000,20,0,0
75,Sunny,0,0.25,10000,20,0,0,10000,20,0,0,0.7746612039079736,0,0.9975058436393738,0.9998299479484558,10000,20,0,0
75,Sunny,0,0.5,10000,20,0,0,0.7409556313993174,0,0.99471515417099,0.9612797498703003,0.775851763299462,0,0.9101218581199646,0.9994665384292603,10000,20,0,0
75,Sunny,0,0.75,10000,20,0,0,0.7757437070938215,0,0.9987260699272156,0.9995155334472656,0.7688800227985181,0,0.99788898229599,0.9994521737098694,10000,20,0,0
75,Sunny,12,0,0.698295894655306,0,0.9982455968856812,0.999660074710846,0.7494661921708186,0,0.9986704587936401,0.9999650120735168,0.8032296650717703,0,0.9992733597755432,0.9987029433250427,0.7425402693424874,0,0.9990957975387573,0.9994348287582397
75,Sunny,12,0.25,0.7100635989524878,0,0.9978534579277039,0.9888869524002075,0.7270019854401059,0,0.9991014003753662,0.9495481848716736,0.7850014257199885,0,0.9990553259849548,0.9999516606330872,0.775096525096525,0,0.9989509582519531,0.9989067912101746
75,Sunny,12,0.5,0.7125537739538522,0,0.9992234706878662,0.9772888422012329,0.7455954897815363,0,0.9988486766815186,0.9958047866821289,0.7476019184652278,0,0.9986329674720764,0.9994052052497864,0.7374770521898767,0,0.9988491535186768,0.9978976845741272
75,Sunny,12,0.75,10000,20,0,0,0.7606401089547157,0,0.9985954165458679,0.9995977282524109,0.7779488758854327,0,0.9995860457420349,0.9999151229858398,0.7744845360824743,0,0.9994205236434937,0.9985209703445435
75,Sunny,16,0,10000,20,0,0,10000,20,0,0,0.823673719717878,0,0.9998931884765625,0.9962888956069946,0.7998409331919406,0,0.9997041821479797,0.9995975494384766
75,Sunny,16,0.25,10000,20,0,0,0.7906652734238941,0,0.9982153177261353,0.9965500831604004,0.8554627050448778,0,0.9997509121894836,0.9998865127563477,0.798728813559322,0,0.9996893405914307,0.9983235597610474
75,Sunny,16,0.5,10000,20,0,0,10000,20,0,0,0.8427432216905901,0,0.9999089241027832,0.9998471140861511,0.8505251817936978,0,0.9998990297317505,0.995074450969696
75,Sunny,16,0.75,10000,20,0,0,0.8198387662110059,0,0.9996987581253052,0.9973333477973938,0.8809299403078856,0,0.9999144077301025,0.9998623728752136,0.7904860930595269,0,0.9984159469604492,0.9442752003669739
75,Sunny,20,0,10000,20,0,0,10000,20,0,0,0.8139262726740784,0,0.9996045231819153,0.9998176693916321,0.8074534161490683,0,0.9996254444122314,0.9998616576194763
75,Sunny,20,0.25,10000,20,0,0,10000,20,0,0,0.8035509736540665,0,0.9997023940086365,0.9999666213989258,0.0,0,3.549533442778058e-13,0.8747905492782593
75,Sunny,20,0.5,10000,20,0,0,10000,20,0,0,0.8110599078341014,0,0.9997158646583557,0.9997078776359558,10000,20,0,0
75,Sunny,20,0.75,10000,20,0,0,10000,20,0,0,0.8117539026629935,0,0.9997692704200745,0.9890846014022827,0.7852987837123215,0,0.9998213648796082,0.9996927976608276
75,Sunny,4,0,10000,20,0,0,0.7178294573643411,0,0.988277018070221,0.9997753500938416,10000,20,0,0,10000,20,0,0
75,Sunny,4,0.25,10000,20,0,0,0.8163058186738836,0,0.9986155033111572,0.9999150633811951,10000,20,0,0,10000,20,0,0
75,Sunny,4,0.5,0.7983315197678637,1,0.9906118512153625,0.9166380763053894,0.8227300802964793,0,0.9995177984237671,0.9993863701820374,10000,20,0,0,10000,20,0,0
75,Sunny,4,0.75,10000,20,0,0,0.7707430856381207,0,0.9963144659996033,0.9980900883674622,10000,20,0,0,10000,20,0,0
75,Sunny,8,0,0.7610111068556109,0,0.9946507811546326,0.9864501357078552,10000,20,0,0,0.7909457900807382,0,0.9987890124320984,0.9987969398498535,0.799798030800303,0,0.9995142221450806,0.9756073951721191
75,Sunny,8,0.25,0.7210428305400373,1,0.997209370136261,0.9098679423332214,0.7903598547375371,0,0.9987632036209106,0.9985529780387878,0.7941437444543035,0,0.9993662238121033,0.9302266836166382,0.7711198428290766,0,0.9987913966178894,0.99946528673172
75,Sunny,8,0.5,10000,20,0,0,0.7965686274509803,0,0.9988299012184143,0.9997011423110962,0.7550189118417224,0,0.9981885552406311,0.9987726807594299,0.7555440948942754,0,0.9990962743759155,0.9982567429542542
75,Sunny,8,0.75,10000,20,0,0,0.7773661165375547,0,0.995997428894043,0.9999595880508423,0.8051909307875895,0,0.9993752837181091,0.998245358467102,0.8202050512628157,0,0.9992688298225403,0.9993103742599487
